{"id": "3198681240-2247483852_1", "url": "https://mp.weixin.qq.com/s/IYRCbyq-8BVu9pBsEKAQLg", "title": "\u3010COZE-\u8d85\u7ea7\u526a\u6620\u5c0f\u52a9\u624bPRO\u3011timelines_pro\uff08\u667a\u80fd\u65f6\u95f4\u7ebf\u5de5\u5177\uff09", "pic_url": "https://mmbiz.qpic.cn/sz_mmbiz_jpg/ZYicUtkicLESJQvH4QUyvOjWl9ibXAiaiccfiaa8K2VX0UfKB40DqL3lfnr9l6BvILypFmIg8vAvIZGDheCDGYgIS68g/0?wx_fmt=jpeg", "description": "\u6807\u9898\u4e00\u3001\u4e8c\u8bb2\u7684\u57fa\u672c\u539f\u7406\u3002\u4e00\u3001\u4ec0\u4e48\u662f\u65f6\u95f4\u7ebf\u901a\u4fd7\u7684\u8bb2\uff0c\u65f6\u95f4\u7ebf\u5c31\u662f\u526a\u6620\u7684\u7d20\u6750\u8f68\u9053\u3002\u4e5f\u53ef\u4ee5\u7406\u89e3\u4e3a\u653e\u7f6e\u7d20\u6750\u7684\u5bb9\u5668\u6216\u8005\u4e08\u91cf\u7d20\u6750\u7684\u6807\u5c3a\u3002", "status": 1, "publish_time": 1754278200}