{"id": "3198681240-2247483871_1", "url": "https://mp.weixin.qq.com/s/ltfTQK7xQMVNFCLy3jL-Iw", "title": "\u3010\u6bcf\u5929\u62c6\u89e3\u4e00\u4e2aAI\u535a\u4e3b\u3011\u5c0f\u7ea2\u4e66\u7206\u6b3e\uff1a\u72ec\u5c45\u5973\u5b69\uff08\u9644COZE\u5de5\u4f5c\u6d41\uff09", "pic_url": "https://mmbiz.qpic.cn/sz_mmbiz_jpg/ZYicUtkicLESLwkb6X3NymLhfdjViaMAYXW9xV18xQpnaeibCO1nJrYSjapibbyhrB3p5UicDDxJb882jtnh607rl1NQ/0?wx_fmt=jpeg", "description": "\u4e00\u3001\u8d26\u53f7\u6570\u636e\u5e73\u53f0\uff1a\u5c0f\u7ea2\u4e66\u8d26\u53f7\u540d\u79f0\uff1a\u5c0f\u786e\u5e78\u7b14\u8bb0\u6570\u91cf\uff1a26\u7c89\u4e1d\u6570\uff1a8.1\u4e07\u70b9\u8d5e\u6570\uff1a29.5\u4e07", "status": 1, "publish_time": 1754538303}