{"id": "3198681240-2247483848_1", "url": "https://mp.weixin.qq.com/s/YRf9_e1xRXV2hxD-kCGA1Q", "title": "\u3010COZE-\u8d85\u7ea7\u526a\u6620\u5c0f\u52a9\u624bPRO\u6559\u7a0b\u3011createDraft\uff08\u521b\u5efa\u8349\u7a3f\uff09", "pic_url": "https://mmbiz.qpic.cn/sz_mmbiz_jpg/ZYicUtkicLESJQvH4QUyvOjWl9ibXAiaiccfiabIXib64AIFmU15PsvHoAFgt6jue5tHc4EmRFcsxicibCcRhG6C8FuTmEA/0?wx_fmt=jpeg", "description": "\u8be5\u5de5\u5177\u4e3a\u526a\u6620\u8349\u7a3f\u4e4b\u6839\u672c\uff0c\u53ea\u9700\u8f93\u5165\u4f60\u60f3\u8981\u7684\u89c6\u9891\u7684\u9ad8\u548c\u5bbd\uff08\u4ee5\u50cf\u7d20\u4e3a\u5355\u4f4d\uff0c\u793a\u4f8b\uff1a\u9ad8height\u4e3a1920\uff0c\u5bbdwidt", "status": 1, "publish_time": 1754265600}