标题,链接,发布时间
【每天拆解一个AI博主】小红书爆款：独居女孩（附COZE工作流）,https://mp.weixin.qq.com/s/ltfTQK7xQMVNFCLy3jL-Iw,2025-08-07 11:45:03
【COZE-超级剪映小助手PRO】data_conversion_pro（智能数据转换工具）,https://mp.weixin.qq.com/s/ZkVeWzXsfZ0ncffMt2uOYg,2025-08-04 18:00:00
【COZE-超级剪映小助手PRO】timelines_pro（智能时间线工具）,https://mp.weixin.qq.com/s/IYRCbyq-8BVu9pBsEKAQLg,2025-08-04 11:30:00
【COZE-超级剪映小助手PRO教程】createDraft（创建草稿）,https://mp.weixin.qq.com/s/YRf9_e1xRXV2hxD-kCGA1Q,2025-08-04 08:00:00
【COZE-超级剪映小助手PRO教程】下载、使用说明,https://mp.weixin.qq.com/s/cVdTAA9vv8BBEBeP-AKrxw,2025-08-03 23:03:19
createDraft（创建草稿）,https://mp.weixin.qq.com/s/-sZIbhOZDEe8S2JifSlW9A,2025-08-03 22:47:35
剪映小助手-智界下载、使用说明,https://mp.weixin.qq.com/s/bQt_b05XrHZErinoJQw8mg,2025-08-03 22:44:31
【COZE教程】一键生成AI绘画+半自动发布小红书、公众号,https://mp.weixin.qq.com/s/5V-kC-9r67ur4xLnr-esVg,2025-07-30 19:31:51
